{
    "title": "Barbarian Build (lv)",
    "notes": "",
    "version": "1.51",
    "level": 0,
    "tabs": [
        {
            "name": "Rage Basics",
            "talents": [
                {"name": "Health Booster", "skillIndex": 0, "level": 0, "note": ""},
                {"name": "Mana Booster", "skillIndex": 1, "level": 0, "note": ""},
                {"name": "Star Player", "skillIndex": 8, "level": 0, "note": ""},
                {"name": "Bucklered Up", "skillIndex": 9, "level": 0, "note": ""},
                {"name": "Sharpened Axe", "skillIndex": 5, "level": 0, "note": ""},
                {"name": "Fist Of Rage", "skillIndex": 10, "level": 0, "note": ""},
                {"name": "Quickness Boots", "skillIndex": 11, "level": 0, "note": ""},
                {"name": "Book Of The Wise", "skillIndex": 12, "level": 0, "note": ""},
                {"name": "Lucky Clover", "skillIndex": 13, "level": 0, "note": ""},
                {"name": "Gilded Sword", "skillIndex": 6, "level": 0, "note": ""},
                {"name": "Brute Efficiency", "skillIndex": 85, "level": 0, "note": ""},
                {"name": "Meat Shank", "skillIndex": 86, "level": 0, "note": ""},
                {"name": "Critikill", "skillIndex": 87, "level": 0, "note": ""},
                {"name": "Idle Brawling", "skillIndex": 88, "level": 0, "note": ""},
                {"name": "Idle Skilling", "skillIndex": 89, "level": 0, "note": ""}
            ],
            "note": ""
        },
        {
            "name": "Warrior",
            "talents": [
                {"name": "Power Strike", "skillIndex": 90, "level": 0, "note": ""},
                {"name": "Whirl", "skillIndex": 91, "level": 0, "note": ""},
                {"name": "Health Overdrive", "skillIndex": 92, "level": 0, "note": ""},
                {"name": "Double Strike", "skillIndex": 93, "level": 0, "note": ""},
                {"name": "Firmly Grasp It", "skillIndex": 94, "level": 0, "note": ""},
                {"name": "Strength In Numbers", "skillIndex": 95, "level": 0, "note": ""},
                {"name": "'Str'Ess Tested Garb", "skillIndex": 96, "level": 0, "note": ""},
                {"name": "Carry A Big Stick", "skillIndex": 97, "level": 0, "note": ""},
                {"name": "Absolute Unit", "skillIndex": 98, "level": 0, "note": ""},
                {"name": "Haungry For Gold", "skillIndex": 99, "level": 0, "note": ""},
                {"name": "Big Pick", "skillIndex": 100, "level": 0, "note": ""},
                {"name": "Copper Collector", "skillIndex": 101, "level": 0, "note": ""},
                {"name": "Motherlode Miner", "skillIndex": 102, "level": 0, "note": ""},
                {"name": "Tool Proficiency", "skillIndex": 103, "level": 0, "note": ""},
                {"name": "Tempestuous Emotions", "skillIndex": 104, "level": 0, "note": ""}
            ],
            "note": ""
        },
        {
            "name": "Barbarian",
            "talents": [
                {"name": "Bear Swipe", "skillIndex": 105, "level": 0, "note": ""},
                {"name": "Axe Hurl", "skillIndex": 106, "level": 0, "note": ""},
                {"name": "Mocking Shout", "skillIndex": 107, "level": 0, "note": ""},
                {"name": "No Pain No Gain", "skillIndex": 108, "level": 0, "note": ""},
                {"name": "Monster Decimator", "skillIndex": 109, "level": 0, "note": ""},
                {"name": "Apocalypse Zow", "skillIndex": 110, "level": 0, "note": ""},
                {"name": "Fistful Of Obol", "skillIndex": 111, "level": 0, "note": ""},
                {"name": "Strongest Statues", "skillIndex": 112, "level": 0, "note": ""},
                {"name": "Str Summore", "skillIndex": 81, "level": 0, "note": ""},
                {"name": "Beefy Bottles", "skillIndex": 114, "level": 0, "note": ""},
                {"name": "Worming Undercover", "skillIndex": 115, "level": 0, "note": ""},
                {"name": "Bobbin' Bobbers", "skillIndex": 116, "level": 0, "note": ""},
                {"name": "All Fish Diet", "skillIndex": 117, "level": 0, "note": ""},
                {"name": "Catching Some Zzz'S", "skillIndex": 118, "level": 0, "note": ""},
                {"name": "Back To Basics", "skillIndex": 119, "level": 0, "note": ""}
            ],
            "note": ""
        }
    ],
    "idleonClass": "Barbarian"
}