{
    "title": "Beginner Build (lv)",
    "notes": "",
    "version": "1.51",
    "level": 0,
    "tabs": [
        {
            "name": "Beginner",
            "talents": [
                {"name": "Health Booster", "skillIndex": 0, "level": 0, "note": ""},
                {"name": "Mana Booster", "skillIndex": 1, "level": 0, "note": ""},
                {"name": "Star Player", "skillIndex": 8, "level": 0, "note": ""},
                {"name": "Bucklered Up", "skillIndex": 9, "level": 0, "note": ""},
                {"name": "Sharpened Axe", "skillIndex": 5, "level": 0, "note": ""},
                {"name": "Fist Of Rage", "skillIndex": 10, "level": 0, "note": ""},
                {"name": "Quickness Boots", "skillIndex": 11, "level": 0, "note": ""},
                {"name": "Book Of The Wise", "skillIndex": 12, "level": 0, "note": ""},
                {"name": "Lucky Clover", "skillIndex": 13, "level": 0, "note": ""},
                {"name": "Gilded Sword", "skillIndex": 6, "level": 0, "note": ""},
                {"name": "Happy Dude", "skillIndex": 75, "level": 0, "note": ""},
                {"name": "Knucklebuster", "skillIndex": 76, "level": 0, "note": ""},
                {"name": "Feather Flight", "skillIndex": 77, "level": 0, "note": ""},
                {"name": "Extra Bags", "skillIndex": 78, "level": 0, "note": ""},
                {"name": "Sleepin' On The Job", "skillIndex": 79, "level": 0, "note": ""}
            ],
            "note": ""
        }
    ],
    "idleonClass": "Beginner"
}