{
    "title": "Journeyman Build (lv)",
    "notes": "",
    "version": "1.51",
    "level": 0,
    "tabs": [
        {
            "name": "Beginner",
            "talents": [
                {"name": "Health Booster", "skillIndex": 0, "level": 0, "note": ""},
                {"name": "Mana Booster", "skillIndex": 1, "level": 0, "note": ""},
                {"name": "Star Player", "skillIndex": 8, "level": 0, "note": ""},
                {"name": "Bucklered Up", "skillIndex": 9, "level": 0, "note": ""},
                {"name": "Sharpened Axe", "skillIndex": 5, "level": 0, "note": ""},
                {"name": "Fist Of Rage", "skillIndex": 10, "level": 0, "note": ""},
                {"name": "Quickness Boots", "skillIndex": 11, "level": 0, "note": ""},
                {"name": "Book Of The Wise", "skillIndex": 12, "level": 0, "note": ""},
                {"name": "Lucky Clover", "skillIndex": 13, "level": 0, "note": ""},
                {"name": "Gilded Sword", "skillIndex": 6, "level": 0, "note": ""},
                {"name": "Happy Dude", "skillIndex": 75, "level": 0, "note": ""},
                {"name": "Knucklebuster", "skillIndex": 76, "level": 0, "note": ""},
                {"name": "Feather Flight", "skillIndex": 77, "level": 0, "note": ""},
                {"name": "Extra Bags", "skillIndex": 78, "level": 0, "note": ""},
                {"name": "Sleepin' On The Job", "skillIndex": 79, "level": 0, "note": ""}
            ],
            "note": ""
        },
        {
            "name": "Journeyman",
            "talents": [
                {"name": "Indiana Attack", "skillIndex": 15, "level": 0, "note": ""},
                {"name": "Breakin' The Bank", "skillIndex": 16, "level": 0, "note": ""},
                {"name": "Supernova Player", "skillIndex": 17, "level": 0, "note": ""},
                {"name": "Two Punch Man", "skillIndex": 18, "level": 0, "note": ""},
                {"name": "Gimme Gimme", "skillIndex": 19, "level": 0, "note": ""},
                {"name": "Lucky Hit", "skillIndex": 20, "level": 0, "note": ""},
                {"name": "F'Luk'Ey Fabrics", "skillIndex": 21, "level": 0, "note": ""},
                {"name": "Chaching!", "skillIndex": 22, "level": 0, "note": ""},
                {"name": "Lucky Horseshoe", "skillIndex": 23, "level": 0, "note": ""},
                {"name": "Curse Of Mr Looty Booty", "skillIndex": 24, "level": 0, "note": ""},
                {"name": "Its Your Birthday!", "skillIndex": 25, "level": 0, "note": ""},
                {"name": "Cmon Out Crystals", "skillIndex": 26, "level": 0, "note": ""},
                {"name": "Reroll Pls", "skillIndex": 27, "level": 0, "note": ""},
                {"name": "Cards Galore", "skillIndex": 28, "level": 0, "note": ""},
                {"name": "Rares Everywhere!", "skillIndex": 29, "level": 0, "note": ""}
            ],
            "note": ""
        }
    ],
    "idleonClass": "Journeyman"
}