{
    "title": "Shaman Build (lv)",
    "notes": "",
    "version": "1.51",
    "level": 0,
    "tabs": [
        {
            "name": "Savvy Basics",
            "talents": [
                {"name": "Health Booster", "skillIndex": 0, "level": 0, "note": ""},
                {"name": "Mana Booster", "skillIndex": 1, "level": 0, "note": ""},
                {"name": "Star Player", "skillIndex": 8, "level": 0, "note": ""},
                {"name": "Bucklered Up", "skillIndex": 9, "level": 0, "note": ""},
                {"name": "Sharpened Axe", "skillIndex": 5, "level": 0, "note": ""},
                {"name": "Fist Of Rage", "skillIndex": 10, "level": 0, "note": ""},
                {"name": "Quickness Boots", "skillIndex": 11, "level": 0, "note": ""},
                {"name": "Book Of The Wise", "skillIndex": 12, "level": 0, "note": ""},
                {"name": "Lucky Clover", "skillIndex": 13, "level": 0, "note": ""},
                {"name": "Gilded Sword", "skillIndex": 6, "level": 0, "note": ""},
                {"name": "Smart Efficiency", "skillIndex": 445, "level": 0, "note": ""},
                {"name": "Overclocked Energy", "skillIndex": 446, "level": 0, "note": ""},
                {"name": "Farsight", "skillIndex": 447, "level": 0, "note": ""},
                {"name": "Idle Casting", "skillIndex": 448, "level": 0, "note": ""},
                {"name": "Active Afk'Er", "skillIndex": 449, "level": 0, "note": ""}
            ],
            "note": ""
        },
        {
            "name": "Mage",
            "talents": [
                {"name": "Energy Bolt", "skillIndex": 450, "level": 0, "note": ""},
                {"name": "Mini Fireball", "skillIndex": 451, "level": 0, "note": ""},
                {"name": "Mana Overdrive", "skillIndex": 452, "level": 0, "note": ""},
                {"name": "Teleport", "skillIndex": 453, "level": 0, "note": ""},
                {"name": "You'Re Next", "skillIndex": 454, "level": 0, "note": ""},
                {"name": "Knowledge Is Power", "skillIndex": 455, "level": 0, "note": ""},
                {"name": "Unt'Wis'Ted Robes", "skillIndex": 456, "level": 0, "note": ""},
                {"name": "Power Overwhelming", "skillIndex": 457, "level": 0, "note": ""},
                {"name": "Free Meal", "skillIndex": 458, "level": 0, "note": ""},
                {"name": "Individual Insight", "skillIndex": 459, "level": 0, "note": ""},
                {"name": "Log On Logs", "skillIndex": 460, "level": 0, "note": ""},
                {"name": "Leaf Thief", "skillIndex": 461, "level": 0, "note": ""},
                {"name": "Deforesting All Doubt", "skillIndex": 462, "level": 0, "note": ""},
                {"name": "Inner Peace", "skillIndex": 464, "level": 0, "note": ""},
                {"name": "Choppin It Up Ez", "skillIndex": 463, "level": 0, "note": ""}
            ],
            "note": ""
        },
        {
            "name": "Shaman",
            "talents": [
                {"name": "Crazy Concoctions", "skillIndex": 480, "level": 0, "note": ""},
                {"name": "Auspicious Aura", "skillIndex": 481, "level": 0, "note": ""},
                {"name": "Sizzling Skull", "skillIndex": 482, "level": 0, "note": ""},
                {"name": "Tenteyecle", "skillIndex": 483, "level": 0, "note": ""},
                {"name": "Instant Invincibility", "skillIndex": 484, "level": 0, "note": ""},
                {"name": "Virile Vials", "skillIndex": 485, "level": 0, "note": ""},
                {"name": "Occult Obols", "skillIndex": 486, "level": 0, "note": ""},
                {"name": "Stupendous Statues", "skillIndex": 487, "level": 0, "note": ""},
                {"name": "Wis Wumbo", "skillIndex": 488, "level": 0, "note": ""},
                {"name": "Fantasia Flasks", "skillIndex": 489, "level": 0, "note": ""},
                {"name": "Cranium Cooking", "skillIndex": 490, "level": 0, "note": ""},
                {"name": "Busy Brewin'", "skillIndex": 491, "level": 0, "note": ""},
                {"name": "Bubble Breakthrough", "skillIndex": 492, "level": 0, "note": ""},
                {"name": "Sharing Some Smarts", "skillIndex": 493, "level": 0, "note": ""},
                {"name": "Earlier Education", "skillIndex": 494, "level": 0, "note": ""}
            ],
            "note": ""
        }
    ],
    "idleonClass": "Shaman"
}